item_id,power_score,repair_cost,upgrade_curve
item_00000,10,40,curve_00
item_00001,11,41,curve_01
item_00002,12,42,curve_02
item_00003,13,43,curve_03
item_00004,14,44,curve_04
item_00005,15,45,curve_05
item_00006,16,46,curve_06
item_00007,17,47,curve_07
item_00008,18,48,curve_08
item_00009,19,49,curve_09
item_00010,20,50,curve_10
item_00011,21,51,curve_11
item_00012,22,52,curve_12
item_00013,23,53,curve_13
item_00014,24,54,curve_14
item_00015,25,55,curve_15
item_00016,26,56,curve_16
item_00017,27,57,curve_17
item_00018,28,58,curve_18
item_00019,29,59,curve_19
item_00020,30,60,curve_20
item_00021,31,61,curve_21
item_00022,32,62,curve_22
item_00023,33,63,curve_23
item_00024,34,64,curve_24
item_00025,35,65,curve_25
item_00026,36,66,curve_26
item_00027,37,67,curve_27
item_00028,38,68,curve_28
item_00029,39,69,curve_29
item_00030,40,70,curve_30
item_00031,41,71,curve_31
item_00032,42,72,curve_00
item_00033,43,73,curve_01
item_00034,44,74,curve_02
item_00035,45,75,curve_03
item_00036,46,76,curve_04
item_00037,47,77,curve_05
item_00038,48,78,curve_06
item_00039,49,79,curve_07
item_00040,50,80,curve_08
item_00041,51,81,curve_09
item_00042,52,82,curve_10
item_00043,53,83,curve_11
item_00044,54,84,curve_12
item_00045,55,85,curve_13
item_00046,56,86,curve_14
item_00047,57,87,curve_15
item_00048,58,88,curve_16
item_00049,59,89,curve_17
item_00050,60,90,curve_18
item_00051,61,91,curve_19
item_00052,62,92,curve_20
item_00053,63,93,curve_21
item_00054,64,94,curve_22
item_00055,65,95,curve_23
item_00056,66,96,curve_24
item_00057,67,97,curve_25
item_00058,68,98,curve_26
item_00059,69,99,curve_27
item_00060,70,100,curve_28
item_00061,71,101,curve_29
item_00062,72,102,curve_30
item_00063,73,103,curve_31
item_00064,74,104,curve_00
item_00065,75,105,curve_01
item_00066,76,106,curve_02
item_00067,77,107,curve_03
item_00068,78,108,curve_04
item_00069,79,109,curve_05
item_00070,80,110,curve_06
item_00071,81,111,curve_07
item_00072,82,112,curve_08
item_00073,83,113,curve_09
item_00074,84,114,curve_10
item_00075,85,115,curve_11
item_00076,86,116,curve_12
item_00077,87,117,curve_13
item_00078,88,118,curve_14
item_00079,89,119,curve_15
item_00080,90,120,curve_16
item_00081,91,121,curve_17
item_00082,92,122,curve_18
item_00083,93,123,curve_19
item_00084,94,124,curve_20
item_00085,95,125,curve_21
item_00086,96,126,curve_22
item_00087,97,127,curve_23
item_00088,98,128,curve_24
item_00089,99,129,curve_25
item_00090,100,130,curve_26
item_00091,101,131,curve_27
item_00092,102,132,curve_28
item_00093,103,133,curve_29
item_00094,104,134,curve_30
item_00095,105,135,curve_31
item_00096,106,136,curve_00
item_00097,107,137,curve_01
item_00098,108,138,curve_02
item_00099,109,139,curve_03
item_00100,110,140,curve_04
item_00101,111,141,curve_05
item_00102,112,142,curve_06
item_00103,113,143,curve_07
item_00104,114,144,curve_08
item_00105,115,145,curve_09
item_00106,116,146,curve_10
item_00107,117,147,curve_11
item_00108,118,148,curve_12
item_00109,119,149,curve_13
item_00110,120,150,curve_14
item_00111,121,151,curve_15
item_00112,122,152,curve_16
item_00113,123,153,curve_17
item_00114,124,154,curve_18
item_00115,125,155,curve_19
item_00116,126,156,curve_20
item_00117,127,157,curve_21
item_00118,128,158,curve_22
item_00119,129,159,curve_23
item_00120,130,160,curve_24
item_00121,131,161,curve_25
item_00122,132,162,curve_26
item_00123,133,163,curve_27
item_00124,134,164,curve_28
item_00125,135,165,curve_29
item_00126,136,166,curve_30
item_00127,137,167,curve_31
item_00128,138,168,curve_00
item_00129,139,169,curve_01
item_00130,140,170,curve_02
item_00131,141,171,curve_03
item_00132,142,172,curve_04
item_00133,143,173,curve_05
item_00134,144,174,curve_06
item_00135,145,175,curve_07
item_00136,146,176,curve_08
item_00137,147,177,curve_09
item_00138,148,178,curve_10
item_00139,149,179,curve_11
item_00140,150,180,curve_12
item_00141,151,181,curve_13
item_00142,152,182,curve_14
item_00143,153,183,curve_15
item_00144,154,184,curve_16
item_00145,155,185,curve_17
item_00146,156,186,curve_18
item_00147,157,187,curve_19
item_00148,158,188,curve_20
item_00149,159,189,curve_21
item_00150,160,190,curve_22
item_00151,161,191,curve_23
item_00152,162,192,curve_24
item_00153,163,193,curve_25
item_00154,164,194,curve_26
item_00155,165,195,curve_27
item_00156,166,196,curve_28
item_00157,167,197,curve_29
item_00158,168,198,curve_30
item_00159,169,199,curve_31
item_00160,170,200,curve_00
item_00161,171,201,curve_01
item_00162,172,202,curve_02
item_00163,173,203,curve_03
item_00164,174,204,curve_04
item_00165,175,205,curve_05
item_00166,176,206,curve_06
item_00167,177,207,curve_07
item_00168,178,208,curve_08
item_00169,179,209,curve_09
item_00170,180,210,curve_10
item_00171,181,211,curve_11
item_00172,182,212,curve_12
item_00173,183,213,curve_13
item_00174,184,214,curve_14
item_00175,185,215,curve_15
item_00176,186,216,curve_16
item_00177,187,217,curve_17
item_00178,188,218,curve_18
item_00179,189,219,curve_19
item_00180,190,220,curve_20
item_00181,191,221,curve_21
item_00182,192,222,curve_22
item_00183,193,223,curve_23
item_00184,194,224,curve_24
item_00185,195,225,curve_25
item_00186,196,226,curve_26
item_00187,197,227,curve_27
item_00188,198,228,curve_28
item_00189,199,229,curve_29
item_00190,200,230,curve_30
item_00191,201,231,curve_31
item_00192,202,232,curve_00
item_00193,203,233,curve_01
item_00194,204,234,curve_02
item_00195,205,235,curve_03
item_00196,206,236,curve_04
item_00197,207,237,curve_05
item_00198,208,238,curve_06
item_00199,209,239,curve_07
item_00200,210,240,curve_08
item_00201,211,241,curve_09
item_00202,212,242,curve_10
item_00203,213,243,curve_11
item_00204,214,244,curve_12
item_00205,215,245,curve_13
item_00206,216,246,curve_14
item_00207,217,247,curve_15
item_00208,218,248,curve_16
item_00209,219,249,curve_17
item_00210,220,250,curve_18
item_00211,221,251,curve_19
item_00212,222,252,curve_20
item_00213,223,253,curve_21
item_00214,224,254,curve_22
item_00215,225,255,curve_23
item_00216,226,256,curve_24
item_00217,227,257,curve_25
item_00218,228,258,curve_26
item_00219,229,259,curve_27
item_00220,230,260,curve_28
item_00221,231,261,curve_29
item_00222,232,262,curve_30
item_00223,233,263,curve_31
item_00224,234,264,curve_00
item_00225,235,265,curve_01
item_00226,236,266,curve_02
item_00227,237,267,curve_03
item_00228,238,268,curve_04
item_00229,239,269,curve_05
item_00230,240,270,curve_06
item_00231,241,271,curve_07
item_00232,242,272,curve_08
item_00233,243,273,curve_09
item_00234,244,274,curve_10
item_00235,245,275,curve_11
item_00236,246,276,curve_12
item_00237,247,277,curve_13
item_00238,248,278,curve_14
item_00239,249,279,curve_15
item_00240,250,280,curve_16
item_00241,251,281,curve_17
item_00242,252,282,curve_18
item_00243,253,283,curve_19
item_00244,254,284,curve_20
item_00245,255,285,curve_21
item_00246,256,286,curve_22
item_00247,257,287,curve_23
item_00248,258,288,curve_24
item_00249,259,289,curve_25
item_00250,260,290,curve_26
item_00251,261,291,curve_27
item_00252,262,292,curve_28
item_00253,263,293,curve_29
item_00254,264,294,curve_30
item_00255,265,295,curve_31
item_00256,266,296,curve_00
item_00257,267,297,curve_01
item_00258,268,298,curve_02
item_00259,269,299,curve_03
item_00260,270,300,curve_04
item_00261,271,301,curve_05
item_00262,272,302,curve_06
item_00263,273,303,curve_07
item_00264,274,304,curve_08
item_00265,275,305,curve_09
item_00266,276,306,curve_10
item_00267,277,307,curve_11
item_00268,278,308,curve_12
item_00269,279,309,curve_13
item_00270,280,310,curve_14
item_00271,281,311,curve_15
item_00272,282,312,curve_16
item_00273,283,313,curve_17
item_00274,284,314,curve_18
item_00275,285,315,curve_19
item_00276,286,316,curve_20
item_00277,287,317,curve_21
item_00278,288,318,curve_22
item_00279,289,319,curve_23
item_00280,290,320,curve_24
item_00281,291,321,curve_25
item_00282,292,322,curve_26
item_00283,293,323,curve_27
item_00284,294,324,curve_28
item_00285,295,325,curve_29
item_00286,296,326,curve_30
item_00287,297,327,curve_31
item_00288,298,328,curve_00
item_00289,299,329,curve_01
item_00290,300,330,curve_02
item_00291,301,331,curve_03
item_00292,302,332,curve_04
item_00293,303,333,curve_05
item_00294,304,334,curve_06
item_00295,305,335,curve_07
item_00296,306,336,curve_08
item_00297,307,337,curve_09
item_00298,308,338,curve_10
item_00299,309,339,curve_11
item_00300,310,340,curve_12
item_00301,311,341,curve_13
item_00302,312,342,curve_14
item_00303,313,343,curve_15
item_00304,314,344,curve_16
item_00305,315,345,curve_17
item_00306,316,346,curve_18
item_00307,317,347,curve_19
item_00308,318,348,curve_20
item_00309,319,349,curve_21
item_00310,320,350,curve_22
item_00311,321,351,curve_23
item_00312,322,352,curve_24
item_00313,323,353,curve_25
item_00314,324,354,curve_26
item_00315,325,355,curve_27
item_00316,326,356,curve_28
item_00317,327,357,curve_29
item_00318,328,358,curve_30
item_00319,329,359,curve_31
item_00320,330,360,curve_00
item_00321,331,361,curve_01
item_00322,332,362,curve_02
item_00323,333,363,curve_03
item_00324,334,364,curve_04
item_00325,335,365,curve_05
item_00326,336,366,curve_06
item_00327,337,367,curve_07
item_00328,338,368,curve_08
item_00329,339,369,curve_09
item_00330,340,370,curve_10
item_00331,341,371,curve_11
item_00332,342,372,curve_12
item_00333,343,373,curve_13
item_00334,344,374,curve_14
item_00335,345,375,curve_15
item_00336,346,376,curve_16
item_00337,347,377,curve_17
item_00338,348,378,curve_18
item_00339,349,379,curve_19
item_00340,350,380,curve_20
item_00341,351,381,curve_21
item_00342,352,382,curve_22
item_00343,353,383,curve_23
item_00344,354,384,curve_24
item_00345,355,385,curve_25
item_00346,356,386,curve_26
item_00347,357,387,curve_27
item_00348,358,388,curve_28
item_00349,359,389,curve_29
item_00350,360,390,curve_30
item_00351,361,391,curve_31
item_00352,362,392,curve_00
item_00353,363,393,curve_01
item_00354,364,394,curve_02
item_00355,365,395,curve_03
item_00356,366,396,curve_04
item_00357,367,397,curve_05
item_00358,368,398,curve_06
item_00359,369,399,curve_07
item_00360,370,400,curve_08
item_00361,371,401,curve_09
item_00362,372,402,curve_10
item_00363,373,403,curve_11
item_00364,374,404,curve_12
item_00365,375,405,curve_13
item_00366,376,406,curve_14
item_00367,377,407,curve_15
item_00368,378,408,curve_16
item_00369,379,409,curve_17
item_00370,380,410,curve_18
item_00371,381,411,curve_19
item_00372,382,412,curve_20
item_00373,383,413,curve_21
item_00374,384,414,curve_22
item_00375,385,415,curve_23
item_00376,386,416,curve_24
item_00377,387,417,curve_25
item_00378,388,418,curve_26
item_00379,389,419,curve_27
item_00380,390,420,curve_28
item_00381,391,421,curve_29
item_00382,392,422,curve_30
item_00383,393,423,curve_31
item_00384,394,424,curve_00
item_00385,395,425,curve_01
item_00386,396,426,curve_02
item_00387,397,427,curve_03
item_00388,398,428,curve_04
item_00389,399,429,curve_05
item_00390,400,430,curve_06
item_00391,401,431,curve_07
item_00392,402,432,curve_08
item_00393,403,433,curve_09
item_00394,404,434,curve_10
item_00395,405,435,curve_11
item_00396,406,436,curve_12
item_00397,407,437,curve_13
item_00398,408,438,curve_14
item_00399,409,439,curve_15
item_00400,410,440,curve_16
item_00401,411,441,curve_17
item_00402,412,442,curve_18
item_00403,413,443,curve_19
item_00404,414,444,curve_20
item_00405,415,445,curve_21
item_00406,416,446,curve_22
item_00407,417,447,curve_23
item_00408,418,448,curve_24
item_00409,419,449,curve_25
item_00410,420,450,curve_26
item_00411,421,451,curve_27
item_00412,422,452,curve_28
item_00413,423,453,curve_29
item_00414,424,454,curve_30
item_00415,425,455,curve_31
item_00416,426,456,curve_00
item_00417,427,457,curve_01
item_00418,428,458,curve_02
item_00419,429,459,curve_03
item_00420,430,460,curve_04
item_00421,431,461,curve_05
item_00422,432,462,curve_06
item_00423,433,463,curve_07
item_00424,434,464,curve_08
item_00425,435,465,curve_09
item_00426,436,466,curve_10
item_00427,437,467,curve_11
item_00428,438,468,curve_12
item_00429,439,469,curve_13
item_00430,440,470,curve_14
item_00431,441,471,curve_15
item_00432,442,472,curve_16
item_00433,443,473,curve_17
item_00434,444,474,curve_18
item_00435,445,475,curve_19
item_00436,446,476,curve_20
item_00437,447,477,curve_21
item_00438,448,478,curve_22
item_00439,449,479,curve_23
item_00440,450,480,curve_24
item_00441,451,481,curve_25
item_00442,452,482,curve_26
item_00443,453,483,curve_27
item_00444,454,484,curve_28
item_00445,455,485,curve_29
item_00446,456,486,curve_30
item_00447,457,487,curve_31
item_00448,458,488,curve_00
item_00449,459,489,curve_01
item_00450,460,490,curve_02
item_00451,461,491,curve_03
item_00452,462,492,curve_04
item_00453,463,493,curve_05
item_00454,464,494,curve_06
item_00455,465,495,curve_07
item_00456,466,496,curve_08
item_00457,467,497,curve_09
item_00458,468,498,curve_10
item_00459,469,499,curve_11
item_00460,470,500,curve_12
item_00461,471,501,curve_13
item_00462,472,502,curve_14
item_00463,473,503,curve_15
item_00464,474,504,curve_16
item_00465,475,505,curve_17
item_00466,476,506,curve_18
item_00467,477,507,curve_19
item_00468,478,508,curve_20
item_00469,479,509,curve_21
item_00470,480,510,curve_22
item_00471,481,511,curve_23
item_00472,482,512,curve_24
item_00473,483,513,curve_25
item_00474,484,514,curve_26
item_00475,485,515,curve_27
item_00476,486,516,curve_28
item_00477,487,517,curve_29
item_00478,488,518,curve_30
item_00479,489,519,curve_31
item_00480,490,520,curve_00
item_00481,491,521,curve_01
item_00482,492,522,curve_02
item_00483,493,523,curve_03
item_00484,494,524,curve_04
item_00485,495,525,curve_05
item_00486,496,526,curve_06
item_00487,497,527,curve_07
item_00488,498,528,curve_08
item_00489,499,529,curve_09
item_00490,500,530,curve_10
item_00491,501,531,curve_11
item_00492,502,532,curve_12
item_00493,503,533,curve_13
item_00494,504,534,curve_14
item_00495,505,535,curve_15
item_00496,506,536,curve_16
item_00497,507,537,curve_17
item_00498,508,538,curve_18
item_00499,509,539,curve_19
item_00500,510,40,curve_20
item_00501,511,41,curve_21
item_00502,512,42,curve_22
item_00503,513,43,curve_23
item_00504,514,44,curve_24
item_00505,515,45,curve_25
item_00506,516,46,curve_26
item_00507,517,47,curve_27
item_00508,518,48,curve_28
item_00509,519,49,curve_29
item_00510,520,50,curve_30
item_00511,521,51,curve_31
item_00512,522,52,curve_00
item_00513,523,53,curve_01
item_00514,524,54,curve_02
item_00515,525,55,curve_03
item_00516,526,56,curve_04
item_00517,527,57,curve_05
item_00518,528,58,curve_06
item_00519,529,59,curve_07
item_00520,530,60,curve_08
item_00521,531,61,curve_09
item_00522,532,62,curve_10
item_00523,533,63,curve_11
item_00524,534,64,curve_12
item_00525,535,65,curve_13
item_00526,536,66,curve_14
item_00527,537,67,curve_15
item_00528,538,68,curve_16
item_00529,539,69,curve_17
item_00530,540,70,curve_18
item_00531,541,71,curve_19
item_00532,542,72,curve_20
item_00533,543,73,curve_21
item_00534,544,74,curve_22
item_00535,545,75,curve_23
item_00536,546,76,curve_24
item_00537,547,77,curve_25
item_00538,548,78,curve_26
item_00539,549,79,curve_27
item_00540,550,80,curve_28
item_00541,551,81,curve_29
item_00542,552,82,curve_30
item_00543,553,83,curve_31
item_00544,554,84,curve_00
item_00545,555,85,curve_01
item_00546,556,86,curve_02
item_00547,557,87,curve_03
item_00548,558,88,curve_04
item_00549,559,89,curve_05
item_00550,560,90,curve_06
item_00551,561,91,curve_07
item_00552,562,92,curve_08
item_00553,563,93,curve_09
item_00554,564,94,curve_10
item_00555,565,95,curve_11
item_00556,566,96,curve_12
item_00557,567,97,curve_13
item_00558,568,98,curve_14
item_00559,569,99,curve_15
item_00560,570,100,curve_16
item_00561,571,101,curve_17
item_00562,572,102,curve_18
item_00563,573,103,curve_19
item_00564,574,104,curve_20
item_00565,575,105,curve_21
item_00566,576,106,curve_22
item_00567,577,107,curve_23
item_00568,578,108,curve_24
item_00569,579,109,curve_25
item_00570,580,110,curve_26
item_00571,581,111,curve_27
item_00572,582,112,curve_28
item_00573,583,113,curve_29
item_00574,584,114,curve_30
item_00575,585,115,curve_31
item_00576,586,116,curve_00
item_00577,587,117,curve_01
item_00578,588,118,curve_02
item_00579,589,119,curve_03
item_00580,590,120,curve_04
item_00581,591,121,curve_05
item_00582,592,122,curve_06
item_00583,593,123,curve_07
item_00584,594,124,curve_08
item_00585,595,125,curve_09
item_00586,596,126,curve_10
item_00587,597,127,curve_11
item_00588,598,128,curve_12
item_00589,599,129,curve_13
item_00590,600,130,curve_14
item_00591,601,131,curve_15
item_00592,602,132,curve_16
item_00593,603,133,curve_17
item_00594,604,134,curve_18
item_00595,605,135,curve_19
item_00596,606,136,curve_20
item_00597,607,137,curve_21
item_00598,608,138,curve_22
item_00599,609,139,curve_23
item_00600,610,140,curve_24
item_00601,611,141,curve_25
item_00602,612,142,curve_26
item_00603,613,143,curve_27
item_00604,614,144,curve_28
item_00605,615,145,curve_29
item_00606,616,146,curve_30
item_00607,617,147,curve_31
item_00608,618,148,curve_00
item_00609,619,149,curve_01
item_00610,620,150,curve_02
item_00611,621,151,curve_03
item_00612,622,152,curve_04
item_00613,623,153,curve_05
item_00614,624,154,curve_06
item_00615,625,155,curve_07
item_00616,626,156,curve_08
item_00617,627,157,curve_09
item_00618,628,158,curve_10
item_00619,629,159,curve_11
item_00620,630,160,curve_12
item_00621,631,161,curve_13
item_00622,632,162,curve_14
item_00623,633,163,curve_15
item_00624,634,164,curve_16
item_00625,635,165,curve_17
item_00626,636,166,curve_18
item_00627,637,167,curve_19
item_00628,638,168,curve_20
item_00629,639,169,curve_21
item_00630,640,170,curve_22
item_00631,641,171,curve_23
item_00632,642,172,curve_24
item_00633,643,173,curve_25
item_00634,644,174,curve_26
item_00635,645,175,curve_27
item_00636,646,176,curve_28
item_00637,647,177,curve_29
item_00638,648,178,curve_30
item_00639,649,179,curve_31
item_00640,650,180,curve_00
item_00641,651,181,curve_01
item_00642,652,182,curve_02
item_00643,653,183,curve_03
item_00644,654,184,curve_04
item_00645,655,185,curve_05
item_00646,656,186,curve_06
item_00647,657,187,curve_07
item_00648,658,188,curve_08
item_00649,659,189,curve_09
item_00650,660,190,curve_10
item_00651,661,191,curve_11
item_00652,662,192,curve_12
item_00653,663,193,curve_13
item_00654,664,194,curve_14
item_00655,665,195,curve_15
item_00656,666,196,curve_16
item_00657,667,197,curve_17
item_00658,668,198,curve_18
item_00659,669,199,curve_19
item_00660,670,200,curve_20
item_00661,671,201,curve_21
item_00662,672,202,curve_22
item_00663,673,203,curve_23
item_00664,674,204,curve_24
item_00665,675,205,curve_25
item_00666,676,206,curve_26
item_00667,677,207,curve_27
item_00668,678,208,curve_28
item_00669,679,209,curve_29
item_00670,680,210,curve_30
item_00671,681,211,curve_31
item_00672,682,212,curve_00
item_00673,683,213,curve_01
item_00674,684,214,curve_02
item_00675,685,215,curve_03
item_00676,686,216,curve_04
item_00677,687,217,curve_05
item_00678,688,218,curve_06
item_00679,689,219,curve_07
item_00680,690,220,curve_08
item_00681,691,221,curve_09
item_00682,692,222,curve_10
item_00683,693,223,curve_11
item_00684,694,224,curve_12
item_00685,695,225,curve_13
item_00686,696,226,curve_14
item_00687,697,227,curve_15
item_00688,698,228,curve_16
item_00689,699,229,curve_17
item_00690,700,230,curve_18
item_00691,701,231,curve_19
item_00692,702,232,curve_20
item_00693,703,233,curve_21
item_00694,704,234,curve_22
item_00695,705,235,curve_23
item_00696,706,236,curve_24
item_00697,707,237,curve_25
item_00698,708,238,curve_26
item_00699,709,239,curve_27
item_00700,710,240,curve_28
item_00701,711,241,curve_29
item_00702,712,242,curve_30
item_00703,713,243,curve_31
item_00704,714,244,curve_00
item_00705,715,245,curve_01
item_00706,716,246,curve_02
item_00707,717,247,curve_03
item_00708,718,248,curve_04
item_00709,719,249,curve_05
item_00710,720,250,curve_06
item_00711,721,251,curve_07
item_00712,722,252,curve_08
item_00713,723,253,curve_09
item_00714,724,254,curve_10
item_00715,725,255,curve_11
item_00716,726,256,curve_12
item_00717,727,257,curve_13
item_00718,728,258,curve_14
item_00719,729,259,curve_15
item_00720,730,260,curve_16
item_00721,731,261,curve_17
item_00722,732,262,curve_18
item_00723,733,263,curve_19
item_00724,734,264,curve_20
item_00725,735,265,curve_21
item_00726,736,266,curve_22
item_00727,737,267,curve_23
item_00728,738,268,curve_24
item_00729,739,269,curve_25
item_00730,740,270,curve_26
item_00731,741,271,curve_27
item_00732,742,272,curve_28
item_00733,743,273,curve_29
item_00734,744,274,curve_30
item_00735,745,275,curve_31
item_00736,746,276,curve_00
item_00737,747,277,curve_01
item_00738,748,278,curve_02
item_00739,749,279,curve_03
item_00740,750,280,curve_04
item_00741,751,281,curve_05
item_00742,752,282,curve_06
item_00743,753,283,curve_07
item_00744,754,284,curve_08
item_00745,755,285,curve_09
item_00746,756,286,curve_10
item_00747,757,287,curve_11
item_00748,758,288,curve_12
item_00749,759,289,curve_13
item_00750,760,290,curve_14
item_00751,761,291,curve_15
item_00752,762,292,curve_16
item_00753,763,293,curve_17
item_00754,764,294,curve_18
item_00755,765,295,curve_19
item_00756,766,296,curve_20
item_00757,767,297,curve_21
item_00758,768,298,curve_22
item_00759,769,299,curve_23
item_00760,770,300,curve_24
item_00761,771,301,curve_25
item_00762,772,302,curve_26
item_00763,773,303,curve_27
item_00764,774,304,curve_28
item_00765,775,305,curve_29
item_00766,776,306,curve_30
item_00767,777,307,curve_31
item_00768,778,308,curve_00
item_00769,779,309,curve_01
item_00770,780,310,curve_02
item_00771,781,311,curve_03
item_00772,782,312,curve_04
item_00773,783,313,curve_05
item_00774,784,314,curve_06
item_00775,785,315,curve_07
item_00776,786,316,curve_08
item_00777,787,317,curve_09
item_00778,788,318,curve_10
item_00779,789,319,curve_11
item_00780,790,320,curve_12
item_00781,791,321,curve_13
item_00782,792,322,curve_14
item_00783,793,323,curve_15
item_00784,794,324,curve_16
item_00785,795,325,curve_17
item_00786,796,326,curve_18
item_00787,797,327,curve_19
item_00788,798,328,curve_20
item_00789,799,329,curve_21
item_00790,800,330,curve_22
item_00791,801,331,curve_23
item_00792,802,332,curve_24
item_00793,803,333,curve_25
item_00794,804,334,curve_26
item_00795,805,335,curve_27
item_00796,806,336,curve_28
item_00797,807,337,curve_29
item_00798,808,338,curve_30
item_00799,809,339,curve_31
item_00800,810,340,curve_00
item_00801,811,341,curve_01
item_00802,812,342,curve_02
item_00803,813,343,curve_03
item_00804,814,344,curve_04
item_00805,815,345,curve_05
item_00806,816,346,curve_06
item_00807,817,347,curve_07
item_00808,818,348,curve_08
item_00809,819,349,curve_09
item_00810,820,350,curve_10
item_00811,821,351,curve_11
item_00812,822,352,curve_12
item_00813,823,353,curve_13
item_00814,824,354,curve_14
item_00815,825,355,curve_15
item_00816,826,356,curve_16
item_00817,827,357,curve_17
item_00818,828,358,curve_18
item_00819,829,359,curve_19
item_00820,830,360,curve_20
item_00821,831,361,curve_21
item_00822,832,362,curve_22
item_00823,833,363,curve_23
item_00824,834,364,curve_24
item_00825,835,365,curve_25
item_00826,836,366,curve_26
item_00827,837,367,curve_27
item_00828,838,368,curve_28
item_00829,839,369,curve_29
item_00830,840,370,curve_30
item_00831,841,371,curve_31
item_00832,842,372,curve_00
item_00833,843,373,curve_01
item_00834,844,374,curve_02
item_00835,845,375,curve_03
item_00836,846,376,curve_04
item_00837,847,377,curve_05
item_00838,848,378,curve_06
item_00839,849,379,curve_07
item_00840,850,380,curve_08
item_00841,851,381,curve_09
item_00842,852,382,curve_10
item_00843,853,383,curve_11
item_00844,854,384,curve_12
item_00845,855,385,curve_13
item_00846,856,386,curve_14
item_00847,857,387,curve_15
item_00848,858,388,curve_16
item_00849,859,389,curve_17
item_00850,860,390,curve_18
item_00851,861,391,curve_19
item_00852,862,392,curve_20
item_00853,863,393,curve_21
item_00854,864,394,curve_22
item_00855,865,395,curve_23
item_00856,866,396,curve_24
item_00857,867,397,curve_25
item_00858,868,398,curve_26
item_00859,869,399,curve_27
item_00860,870,400,curve_28
item_00861,871,401,curve_29
item_00862,872,402,curve_30
item_00863,873,403,curve_31
item_00864,874,404,curve_00
item_00865,875,405,curve_01
item_00866,876,406,curve_02
item_00867,877,407,curve_03
item_00868,878,408,curve_04
item_00869,879,409,curve_05
item_00870,880,410,curve_06
item_00871,881,411,curve_07
item_00872,882,412,curve_08
item_00873,883,413,curve_09
item_00874,884,414,curve_10
item_00875,885,415,curve_11
item_00876,886,416,curve_12
item_00877,887,417,curve_13
item_00878,888,418,curve_14
item_00879,889,419,curve_15
item_00880,890,420,curve_16
item_00881,891,421,curve_17
item_00882,892,422,curve_18
item_00883,893,423,curve_19
item_00884,894,424,curve_20
item_00885,895,425,curve_21
item_00886,896,426,curve_22
item_00887,897,427,curve_23
item_00888,898,428,curve_24
item_00889,899,429,curve_25
item_00890,900,430,curve_26
item_00891,901,431,curve_27
item_00892,902,432,curve_28
item_00893,903,433,curve_29
item_00894,904,434,curve_30
item_00895,905,435,curve_31
item_00896,906,436,curve_00
item_00897,907,437,curve_01
item_00898,908,438,curve_02
item_00899,909,439,curve_03
item_00900,910,440,curve_04
item_00901,911,441,curve_05
item_00902,912,442,curve_06
item_00903,913,443,curve_07
item_00904,914,444,curve_08
item_00905,915,445,curve_09
item_00906,916,446,curve_10
item_00907,917,447,curve_11
item_00908,918,448,curve_12
item_00909,919,449,curve_13
item_00910,920,450,curve_14
item_00911,921,451,curve_15
item_00912,922,452,curve_16
item_00913,923,453,curve_17
item_00914,924,454,curve_18
item_00915,925,455,curve_19
item_00916,926,456,curve_20
item_00917,927,457,curve_21
item_00918,928,458,curve_22
item_00919,929,459,curve_23
item_00920,930,460,curve_24
item_00921,931,461,curve_25
item_00922,932,462,curve_26
item_00923,933,463,curve_27
item_00924,934,464,curve_28
item_00925,935,465,curve_29
item_00926,936,466,curve_30
item_00927,937,467,curve_31
item_00928,938,468,curve_00
item_00929,939,469,curve_01
item_00930,940,470,curve_02
item_00931,941,471,curve_03
item_00932,942,472,curve_04
item_00933,943,473,curve_05
item_00934,944,474,curve_06
item_00935,945,475,curve_07
item_00936,946,476,curve_08
item_00937,947,477,curve_09
item_00938,948,478,curve_10
item_00939,949,479,curve_11
item_00940,950,480,curve_12
item_00941,951,481,curve_13
item_00942,952,482,curve_14
item_00943,953,483,curve_15
item_00944,954,484,curve_16
item_00945,955,485,curve_17
item_00946,956,486,curve_18
item_00947,957,487,curve_19
item_00948,958,488,curve_20
item_00949,959,489,curve_21
item_00950,960,490,curve_22
item_00951,961,491,curve_23
item_00952,962,492,curve_24
item_00953,963,493,curve_25
item_00954,964,494,curve_26
item_00955,965,495,curve_27
item_00956,966,496,curve_28
item_00957,967,497,curve_29
item_00958,968,498,curve_30
item_00959,969,499,curve_31
item_00960,970,500,curve_00
item_00961,971,501,curve_01
item_00962,972,502,curve_02
item_00963,973,503,curve_03
item_00964,974,504,curve_04
item_00965,975,505,curve_05
item_00966,976,506,curve_06
item_00967,977,507,curve_07
item_00968,978,508,curve_08
item_00969,979,509,curve_09
item_00970,980,510,curve_10
item_00971,981,511,curve_11
item_00972,982,512,curve_12
item_00973,983,513,curve_13
item_00974,984,514,curve_14
item_00975,985,515,curve_15
item_00976,986,516,curve_16
item_00977,987,517,curve_17
item_00978,988,518,curve_18
item_00979,989,519,curve_19
item_00980,990,520,curve_20
item_00981,991,521,curve_21
item_00982,992,522,curve_22
item_00983,993,523,curve_23
item_00984,994,524,curve_24
item_00985,995,525,curve_25
item_00986,996,526,curve_26
item_00987,997,527,curve_27
item_00988,998,528,curve_28
item_00989,999,529,curve_29
item_00990,1000,530,curve_30
item_00991,1001,531,curve_31
item_00992,1002,532,curve_00
item_00993,1003,533,curve_01
item_00994,1004,534,curve_02
item_00995,1005,535,curve_03
item_00996,1006,536,curve_04
item_00997,1007,537,curve_05
item_00998,1008,538,curve_06
item_00999,1009,539,curve_07
item_01000,1010,40,curve_08
item_01001,1011,41,curve_09
item_01002,1012,42,curve_10
item_01003,1013,43,curve_11
item_01004,1014,44,curve_12
item_01005,1015,45,curve_13
item_01006,1016,46,curve_14
item_01007,1017,47,curve_15
item_01008,1018,48,curve_16
item_01009,1019,49,curve_17
item_01010,1020,50,curve_18
item_01011,1021,51,curve_19
item_01012,1022,52,curve_20
item_01013,1023,53,curve_21
item_01014,1024,54,curve_22
item_01015,1025,55,curve_23
item_01016,1026,56,curve_24
item_01017,1027,57,curve_25
item_01018,1028,58,curve_26
item_01019,1029,59,curve_27
item_01020,1030,60,curve_28
item_01021,1031,61,curve_29
item_01022,1032,62,curve_30
item_01023,1033,63,curve_31
item_01024,1034,64,curve_00
item_01025,1035,65,curve_01
item_01026,1036,66,curve_02
item_01027,1037,67,curve_03
item_01028,1038,68,curve_04
item_01029,1039,69,curve_05
item_01030,1040,70,curve_06
item_01031,1041,71,curve_07
item_01032,1042,72,curve_08
item_01033,1043,73,curve_09
item_01034,1044,74,curve_10
item_01035,1045,75,curve_11
item_01036,1046,76,curve_12
item_01037,1047,77,curve_13
item_01038,1048,78,curve_14
item_01039,1049,79,curve_15
item_01040,1050,80,curve_16
item_01041,1051,81,curve_17
item_01042,1052,82,curve_18
item_01043,1053,83,curve_19
item_01044,1054,84,curve_20
item_01045,1055,85,curve_21
item_01046,1056,86,curve_22
item_01047,1057,87,curve_23
item_01048,1058,88,curve_24
item_01049,1059,89,curve_25
item_01050,1060,90,curve_26
item_01051,1061,91,curve_27
item_01052,1062,92,curve_28
item_01053,1063,93,curve_29
item_01054,1064,94,curve_30
item_01055,1065,95,curve_31
item_01056,1066,96,curve_00
item_01057,1067,97,curve_01
item_01058,1068,98,curve_02
item_01059,1069,99,curve_03
item_01060,1070,100,curve_04
item_01061,1071,101,curve_05
item_01062,1072,102,curve_06
item_01063,1073,103,curve_07
item_01064,1074,104,curve_08
item_01065,1075,105,curve_09
item_01066,1076,106,curve_10
item_01067,1077,107,curve_11
item_01068,1078,108,curve_12
item_01069,1079,109,curve_13
item_01070,1080,110,curve_14
item_01071,1081,111,curve_15
item_01072,1082,112,curve_16
item_01073,1083,113,curve_17
item_01074,1084,114,curve_18
item_01075,1085,115,curve_19
item_01076,1086,116,curve_20
item_01077,1087,117,curve_21
item_01078,1088,118,curve_22
item_01079,1089,119,curve_23
item_01080,1090,120,curve_24
item_01081,1091,121,curve_25
item_01082,1092,122,curve_26
item_01083,1093,123,curve_27
item_01084,1094,124,curve_28
item_01085,1095,125,curve_29
item_01086,1096,126,curve_30
item_01087,1097,127,curve_31
item_01088,1098,128,curve_00
item_01089,1099,129,curve_01
item_01090,1100,130,curve_02
item_01091,1101,131,curve_03
item_01092,1102,132,curve_04
item_01093,1103,133,curve_05
item_01094,1104,134,curve_06
item_01095,1105,135,curve_07
item_01096,1106,136,curve_08
item_01097,1107,137,curve_09
item_01098,1108,138,curve_10
item_01099,1109,139,curve_11
item_01100,1110,140,curve_12
item_01101,1111,141,curve_13
item_01102,1112,142,curve_14
item_01103,1113,143,curve_15
item_01104,1114,144,curve_16
item_01105,1115,145,curve_17
item_01106,1116,146,curve_18
item_01107,1117,147,curve_19
item_01108,1118,148,curve_20
item_01109,1119,149,curve_21
item_01110,1120,150,curve_22
item_01111,1121,151,curve_23
item_01112,1122,152,curve_24
item_01113,1123,153,curve_25
item_01114,1124,154,curve_26
item_01115,1125,155,curve_27
item_01116,1126,156,curve_28
item_01117,1127,157,curve_29
item_01118,1128,158,curve_30
item_01119,1129,159,curve_31
item_01120,1130,160,curve_00
item_01121,1131,161,curve_01
item_01122,1132,162,curve_02
item_01123,1133,163,curve_03
item_01124,1134,164,curve_04
item_01125,1135,165,curve_05
item_01126,1136,166,curve_06
item_01127,1137,167,curve_07
item_01128,1138,168,curve_08
item_01129,1139,169,curve_09
item_01130,1140,170,curve_10
item_01131,1141,171,curve_11
item_01132,1142,172,curve_12
item_01133,1143,173,curve_13
item_01134,1144,174,curve_14
item_01135,1145,175,curve_15
item_01136,1146,176,curve_16
item_01137,1147,177,curve_17
item_01138,1148,178,curve_18
item_01139,1149,179,curve_19
item_01140,1150,180,curve_20
item_01141,1151,181,curve_21
item_01142,1152,182,curve_22
item_01143,1153,183,curve_23
item_01144,1154,184,curve_24
item_01145,1155,185,curve_25
item_01146,1156,186,curve_26
item_01147,1157,187,curve_27
item_01148,1158,188,curve_28
item_01149,1159,189,curve_29
item_01150,1160,190,curve_30
item_01151,1161,191,curve_31
item_01152,1162,192,curve_00
item_01153,1163,193,curve_01
item_01154,1164,194,curve_02
item_01155,1165,195,curve_03
item_01156,1166,196,curve_04
item_01157,1167,197,curve_05
item_01158,1168,198,curve_06
item_01159,1169,199,curve_07
item_01160,1170,200,curve_08
item_01161,1171,201,curve_09
item_01162,1172,202,curve_10
item_01163,1173,203,curve_11
item_01164,1174,204,curve_12
item_01165,1175,205,curve_13
item_01166,1176,206,curve_14
item_01167,1177,207,curve_15
item_01168,1178,208,curve_16
item_01169,1179,209,curve_17
item_01170,1180,210,curve_18
item_01171,1181,211,curve_19
item_01172,1182,212,curve_20
item_01173,1183,213,curve_21
item_01174,1184,214,curve_22
item_01175,1185,215,curve_23
item_01176,1186,216,curve_24
item_01177,1187,217,curve_25
item_01178,1188,218,curve_26
item_01179,1189,219,curve_27
item_01180,1190,220,curve_28
item_01181,1191,221,curve_29
item_01182,1192,222,curve_30
item_01183,1193,223,curve_31
item_01184,1194,224,curve_00
item_01185,1195,225,curve_01
item_01186,1196,226,curve_02
item_01187,1197,227,curve_03
item_01188,1198,228,curve_04
item_01189,1199,229,curve_05
item_01190,1200,230,curve_06
item_01191,1201,231,curve_07
item_01192,1202,232,curve_08
item_01193,1203,233,curve_09
item_01194,1204,234,curve_10
item_01195,1205,235,curve_11
item_01196,1206,236,curve_12
item_01197,1207,237,curve_13
item_01198,1208,238,curve_14
item_01199,1209,239,curve_15
item_01200,1210,240,curve_16
item_01201,1211,241,curve_17
item_01202,1212,242,curve_18
item_01203,1213,243,curve_19
item_01204,1214,244,curve_20
item_01205,1215,245,curve_21
item_01206,1216,246,curve_22
item_01207,1217,247,curve_23
item_01208,1218,248,curve_24
item_01209,1219,249,curve_25
item_01210,1220,250,curve_26
item_01211,1221,251,curve_27
item_01212,1222,252,curve_28
item_01213,1223,253,curve_29
item_01214,1224,254,curve_30
item_01215,1225,255,curve_31
item_01216,1226,256,curve_00
item_01217,1227,257,curve_01
item_01218,1228,258,curve_02
item_01219,1229,259,curve_03
item_01220,1230,260,curve_04
item_01221,1231,261,curve_05
item_01222,1232,262,curve_06
item_01223,1233,263,curve_07
item_01224,1234,264,curve_08
item_01225,1235,265,curve_09
item_01226,1236,266,curve_10
item_01227,1237,267,curve_11
item_01228,1238,268,curve_12
item_01229,1239,269,curve_13
item_01230,1240,270,curve_14
item_01231,1241,271,curve_15
item_01232,1242,272,curve_16
item_01233,1243,273,curve_17
item_01234,1244,274,curve_18
item_01235,1245,275,curve_19
item_01236,1246,276,curve_20
item_01237,1247,277,curve_21
item_01238,1248,278,curve_22
item_01239,1249,279,curve_23
item_01240,1250,280,curve_24
item_01241,1251,281,curve_25
item_01242,1252,282,curve_26
item_01243,1253,283,curve_27
item_01244,1254,284,curve_28
item_01245,1255,285,curve_29
item_01246,1256,286,curve_30
item_01247,1257,287,curve_31
item_01248,1258,288,curve_00
item_01249,1259,289,curve_01
item_01250,1260,290,curve_02
item_01251,1261,291,curve_03
item_01252,1262,292,curve_04
item_01253,1263,293,curve_05
item_01254,1264,294,curve_06
item_01255,1265,295,curve_07
item_01256,1266,296,curve_08
item_01257,1267,297,curve_09
item_01258,1268,298,curve_10
item_01259,1269,299,curve_11
item_01260,1270,300,curve_12
item_01261,1271,301,curve_13
item_01262,1272,302,curve_14
item_01263,1273,303,curve_15
item_01264,1274,304,curve_16
item_01265,1275,305,curve_17
item_01266,1276,306,curve_18
item_01267,1277,307,curve_19
item_01268,1278,308,curve_20
item_01269,1279,309,curve_21
item_01270,1280,310,curve_22
item_01271,1281,311,curve_23
item_01272,1282,312,curve_24
item_01273,1283,313,curve_25
item_01274,1284,314,curve_26
item_01275,1285,315,curve_27
item_01276,1286,316,curve_28
item_01277,1287,317,curve_29
item_01278,1288,318,curve_30
item_01279,1289,319,curve_31
item_01280,1290,320,curve_00
item_01281,1291,321,curve_01
item_01282,1292,322,curve_02
item_01283,1293,323,curve_03
item_01284,1294,324,curve_04
item_01285,1295,325,curve_05
item_01286,1296,326,curve_06
item_01287,1297,327,curve_07
item_01288,1298,328,curve_08
item_01289,1299,329,curve_09
item_01290,1300,330,curve_10
item_01291,1301,331,curve_11
item_01292,1302,332,curve_12
item_01293,1303,333,curve_13
item_01294,1304,334,curve_14
item_01295,1305,335,curve_15
item_01296,1306,336,curve_16
item_01297,1307,337,curve_17
item_01298,1308,338,curve_18
item_01299,1309,339,curve_19
item_01300,1310,340,curve_20
item_01301,1311,341,curve_21
item_01302,1312,342,curve_22
item_01303,1313,343,curve_23
item_01304,1314,344,curve_24
item_01305,1315,345,curve_25
item_01306,1316,346,curve_26
item_01307,1317,347,curve_27
item_01308,1318,348,curve_28
item_01309,1319,349,curve_29
item_01310,1320,350,curve_30
item_01311,1321,351,curve_31
item_01312,1322,352,curve_00
item_01313,1323,353,curve_01
item_01314,1324,354,curve_02
item_01315,1325,355,curve_03
item_01316,1326,356,curve_04
item_01317,1327,357,curve_05
item_01318,1328,358,curve_06
item_01319,1329,359,curve_07
item_01320,1330,360,curve_08
item_01321,1331,361,curve_09
item_01322,1332,362,curve_10
item_01323,1333,363,curve_11
item_01324,1334,364,curve_12
item_01325,1335,365,curve_13
item_01326,1336,366,curve_14
item_01327,1337,367,curve_15
item_01328,1338,368,curve_16
item_01329,1339,369,curve_17
item_01330,1340,370,curve_18
item_01331,1341,371,curve_19
item_01332,1342,372,curve_20
item_01333,1343,373,curve_21
item_01334,1344,374,curve_22
item_01335,1345,375,curve_23
item_01336,1346,376,curve_24
item_01337,1347,377,curve_25
item_01338,1348,378,curve_26
item_01339,1349,379,curve_27
item_01340,1350,380,curve_28
item_01341,1351,381,curve_29
item_01342,1352,382,curve_30
item_01343,1353,383,curve_31
item_01344,1354,384,curve_00
item_01345,1355,385,curve_01
item_01346,1356,386,curve_02
item_01347,1357,387,curve_03
item_01348,1358,388,curve_04
item_01349,1359,389,curve_05
item_01350,1360,390,curve_06
item_01351,1361,391,curve_07
item_01352,1362,392,curve_08
item_01353,1363,393,curve_09
item_01354,1364,394,curve_10
item_01355,1365,395,curve_11
item_01356,1366,396,curve_12
item_01357,1367,397,curve_13
item_01358,1368,398,curve_14
item_01359,1369,399,curve_15
item_01360,1370,400,curve_16
item_01361,1371,401,curve_17
item_01362,1372,402,curve_18
item_01363,1373,403,curve_19
item_01364,1374,404,curve_20
item_01365,1375,405,curve_21
item_01366,1376,406,curve_22
item_01367,1377,407,curve_23
item_01368,1378,408,curve_24
item_01369,1379,409,curve_25
item_01370,1380,410,curve_26
item_01371,1381,411,curve_27
item_01372,1382,412,curve_28
item_01373,1383,413,curve_29
item_01374,1384,414,curve_30
item_01375,1385,415,curve_31
item_01376,1386,416,curve_00
item_01377,1387,417,curve_01
item_01378,1388,418,curve_02
item_01379,1389,419,curve_03
item_01380,1390,420,curve_04
item_01381,1391,421,curve_05
item_01382,1392,422,curve_06
item_01383,1393,423,curve_07
item_01384,1394,424,curve_08
item_01385,1395,425,curve_09
item_01386,1396,426,curve_10
item_01387,1397,427,curve_11
item_01388,1398,428,curve_12
item_01389,1399,429,curve_13
item_01390,1400,430,curve_14
item_01391,1401,431,curve_15
item_01392,1402,432,curve_16
item_01393,1403,433,curve_17
item_01394,1404,434,curve_18
item_01395,1405,435,curve_19
item_01396,1406,436,curve_20
item_01397,1407,437,curve_21
item_01398,1408,438,curve_22
item_01399,1409,439,curve_23
item_01400,1410,440,curve_24
item_01401,1411,441,curve_25
item_01402,1412,442,curve_26
item_01403,1413,443,curve_27
item_01404,1414,444,curve_28
item_01405,1415,445,curve_29
item_01406,1416,446,curve_30
item_01407,1417,447,curve_31
item_01408,1418,448,curve_00
item_01409,1419,449,curve_01
item_01410,1420,450,curve_02
item_01411,1421,451,curve_03
item_01412,1422,452,curve_04
item_01413,1423,453,curve_05
item_01414,1424,454,curve_06
item_01415,1425,455,curve_07
item_01416,1426,456,curve_08
item_01417,1427,457,curve_09
item_01418,1428,458,curve_10
item_01419,1429,459,curve_11
item_01420,1430,460,curve_12
item_01421,1431,461,curve_13
item_01422,1432,462,curve_14
item_01423,1433,463,curve_15
item_01424,1434,464,curve_16
item_01425,1435,465,curve_17
item_01426,1436,466,curve_18
item_01427,1437,467,curve_19
item_01428,1438,468,curve_20
item_01429,1439,469,curve_21
item_01430,1440,470,curve_22
item_01431,1441,471,curve_23
item_01432,1442,472,curve_24
item_01433,1443,473,curve_25
item_01434,1444,474,curve_26
item_01435,1445,475,curve_27
item_01436,1446,476,curve_28
item_01437,1447,477,curve_29
item_01438,1448,478,curve_30
item_01439,1449,479,curve_31
item_01440,1450,480,curve_00
item_01441,1451,481,curve_01
item_01442,1452,482,curve_02
item_01443,1453,483,curve_03
item_01444,1454,484,curve_04
item_01445,1455,485,curve_05
item_01446,1456,486,curve_06
item_01447,1457,487,curve_07
item_01448,1458,488,curve_08
item_01449,1459,489,curve_09
item_01450,1460,490,curve_10
item_01451,1461,491,curve_11
item_01452,1462,492,curve_12
item_01453,1463,493,curve_13
item_01454,1464,494,curve_14
item_01455,1465,495,curve_15
item_01456,1466,496,curve_16
item_01457,1467,497,curve_17
item_01458,1468,498,curve_18
item_01459,1469,499,curve_19
item_01460,1470,500,curve_20
item_01461,1471,501,curve_21
item_01462,1472,502,curve_22
item_01463,1473,503,curve_23
item_01464,1474,504,curve_24
item_01465,1475,505,curve_25
item_01466,1476,506,curve_26
item_01467,1477,507,curve_27
item_01468,1478,508,curve_28
item_01469,1479,509,curve_29
item_01470,1480,510,curve_30
item_01471,1481,511,curve_31
item_01472,1482,512,curve_00
item_01473,1483,513,curve_01
item_01474,1484,514,curve_02
item_01475,1485,515,curve_03
item_01476,1486,516,curve_04
item_01477,1487,517,curve_05
item_01478,1488,518,curve_06
item_01479,1489,519,curve_07
item_01480,1490,520,curve_08
item_01481,1491,521,curve_09
item_01482,1492,522,curve_10
item_01483,1493,523,curve_11
item_01484,1494,524,curve_12
item_01485,1495,525,curve_13
item_01486,1496,526,curve_14
item_01487,1497,527,curve_15
item_01488,1498,528,curve_16
item_01489,1499,529,curve_17
item_01490,1500,530,curve_18
item_01491,1501,531,curve_19
item_01492,1502,532,curve_20
item_01493,1503,533,curve_21
item_01494,1504,534,curve_22
item_01495,1505,535,curve_23
item_01496,1506,536,curve_24
item_01497,1507,537,curve_25
item_01498,1508,538,curve_26
item_01499,1509,539,curve_27
item_01500,1510,40,curve_28
item_01501,1511,41,curve_29
item_01502,1512,42,curve_30
item_01503,1513,43,curve_31
item_01504,1514,44,curve_00
item_01505,1515,45,curve_01
item_01506,1516,46,curve_02
item_01507,1517,47,curve_03
item_01508,1518,48,curve_04
item_01509,1519,49,curve_05
item_01510,1520,50,curve_06
item_01511,1521,51,curve_07
item_01512,1522,52,curve_08
item_01513,1523,53,curve_09
item_01514,1524,54,curve_10
item_01515,1525,55,curve_11
item_01516,1526,56,curve_12
item_01517,1527,57,curve_13
item_01518,1528,58,curve_14
item_01519,1529,59,curve_15
item_01520,1530,60,curve_16
item_01521,1531,61,curve_17
item_01522,1532,62,curve_18
item_01523,1533,63,curve_19
item_01524,1534,64,curve_20
item_01525,1535,65,curve_21
item_01526,1536,66,curve_22
item_01527,1537,67,curve_23
item_01528,1538,68,curve_24
item_01529,1539,69,curve_25
item_01530,1540,70,curve_26
item_01531,1541,71,curve_27
item_01532,1542,72,curve_28
item_01533,1543,73,curve_29
item_01534,1544,74,curve_30
item_01535,1545,75,curve_31
item_01536,1546,76,curve_00
item_01537,1547,77,curve_01
item_01538,1548,78,curve_02
item_01539,1549,79,curve_03
item_01540,1550,80,curve_04
item_01541,1551,81,curve_05
item_01542,1552,82,curve_06
item_01543,1553,83,curve_07
item_01544,1554,84,curve_08
item_01545,1555,85,curve_09
item_01546,1556,86,curve_10
item_01547,1557,87,curve_11
item_01548,1558,88,curve_12
item_01549,1559,89,curve_13
item_01550,1560,90,curve_14
item_01551,1561,91,curve_15
item_01552,1562,92,curve_16
item_01553,1563,93,curve_17
item_01554,1564,94,curve_18
item_01555,1565,95,curve_19
item_01556,1566,96,curve_20
item_01557,1567,97,curve_21
item_01558,1568,98,curve_22
item_01559,1569,99,curve_23
item_01560,1570,100,curve_24
item_01561,1571,101,curve_25
item_01562,1572,102,curve_26
item_01563,1573,103,curve_27
item_01564,1574,104,curve_28
item_01565,1575,105,curve_29
item_01566,1576,106,curve_30
item_01567,1577,107,curve_31
item_01568,1578,108,curve_00
item_01569,1579,109,curve_01
item_01570,1580,110,curve_02
item_01571,1581,111,curve_03
item_01572,1582,112,curve_04
item_01573,1583,113,curve_05
item_01574,1584,114,curve_06
item_01575,1585,115,curve_07
item_01576,1586,116,curve_08
item_01577,1587,117,curve_09
item_01578,1588,118,curve_10
item_01579,1589,119,curve_11
item_01580,1590,120,curve_12
item_01581,1591,121,curve_13
item_01582,1592,122,curve_14
item_01583,1593,123,curve_15
item_01584,1594,124,curve_16
item_01585,1595,125,curve_17
item_01586,1596,126,curve_18
item_01587,1597,127,curve_19
item_01588,1598,128,curve_20
item_01589,1599,129,curve_21
item_01590,1600,130,curve_22
item_01591,1601,131,curve_23
item_01592,1602,132,curve_24
item_01593,1603,133,curve_25
item_01594,1604,134,curve_26
item_01595,1605,135,curve_27
item_01596,1606,136,curve_28
item_01597,1607,137,curve_29
item_01598,1608,138,curve_30
item_01599,1609,139,curve_31
item_01600,1610,140,curve_00
item_01601,1611,141,curve_01
item_01602,1612,142,curve_02
item_01603,1613,143,curve_03
item_01604,1614,144,curve_04
item_01605,1615,145,curve_05
item_01606,1616,146,curve_06
item_01607,1617,147,curve_07
item_01608,1618,148,curve_08
item_01609,1619,149,curve_09
item_01610,1620,150,curve_10
item_01611,1621,151,curve_11
item_01612,1622,152,curve_12
item_01613,1623,153,curve_13
item_01614,1624,154,curve_14
item_01615,1625,155,curve_15
item_01616,1626,156,curve_16
item_01617,1627,157,curve_17
item_01618,1628,158,curve_18
item_01619,1629,159,curve_19
item_01620,1630,160,curve_20
item_01621,1631,161,curve_21
item_01622,1632,162,curve_22
item_01623,1633,163,curve_23
item_01624,1634,164,curve_24
item_01625,1635,165,curve_25
item_01626,1636,166,curve_26
item_01627,1637,167,curve_27
item_01628,1638,168,curve_28
item_01629,1639,169,curve_29
item_01630,1640,170,curve_30
item_01631,1641,171,curve_31
item_01632,1642,172,curve_00
item_01633,1643,173,curve_01
item_01634,1644,174,curve_02
item_01635,1645,175,curve_03
item_01636,1646,176,curve_04
item_01637,1647,177,curve_05
item_01638,1648,178,curve_06
item_01639,1649,179,curve_07
item_01640,1650,180,curve_08
item_01641,1651,181,curve_09
item_01642,1652,182,curve_10
item_01643,1653,183,curve_11
item_01644,1654,184,curve_12
item_01645,1655,185,curve_13
item_01646,1656,186,curve_14
item_01647,1657,187,curve_15
item_01648,1658,188,curve_16
item_01649,1659,189,curve_17
item_01650,1660,190,curve_18
item_01651,1661,191,curve_19
item_01652,1662,192,curve_20
item_01653,1663,193,curve_21
item_01654,1664,194,curve_22
item_01655,1665,195,curve_23
item_01656,1666,196,curve_24
item_01657,1667,197,curve_25
item_01658,1668,198,curve_26
item_01659,1669,199,curve_27
item_01660,1670,200,curve_28
item_01661,1671,201,curve_29
item_01662,1672,202,curve_30
item_01663,1673,203,curve_31
item_01664,1674,204,curve_00
item_01665,1675,205,curve_01
item_01666,1676,206,curve_02
item_01667,1677,207,curve_03
item_01668,1678,208,curve_04
item_01669,1679,209,curve_05
item_01670,1680,210,curve_06
item_01671,1681,211,curve_07
item_01672,1682,212,curve_08
item_01673,1683,213,curve_09
item_01674,1684,214,curve_10
item_01675,1685,215,curve_11
item_01676,1686,216,curve_12
item_01677,1687,217,curve_13
item_01678,1688,218,curve_14
item_01679,1689,219,curve_15
item_01680,1690,220,curve_16
item_01681,1691,221,curve_17
item_01682,1692,222,curve_18
item_01683,1693,223,curve_19
item_01684,1694,224,curve_20
item_01685,1695,225,curve_21
item_01686,1696,226,curve_22
item_01687,1697,227,curve_23
item_01688,1698,228,curve_24
item_01689,1699,229,curve_25
item_01690,1700,230,curve_26
item_01691,1701,231,curve_27
item_01692,1702,232,curve_28
item_01693,1703,233,curve_29
item_01694,1704,234,curve_30
item_01695,1705,235,curve_31
item_01696,1706,236,curve_00
item_01697,1707,237,curve_01
item_01698,1708,238,curve_02
item_01699,1709,239,curve_03
item_01700,1710,240,curve_04
item_01701,1711,241,curve_05
item_01702,1712,242,curve_06
item_01703,1713,243,curve_07
item_01704,1714,244,curve_08
item_01705,1715,245,curve_09
item_01706,1716,246,curve_10
item_01707,1717,247,curve_11
item_01708,1718,248,curve_12
item_01709,1719,249,curve_13
item_01710,1720,250,curve_14
item_01711,1721,251,curve_15
item_01712,1722,252,curve_16
item_01713,1723,253,curve_17
item_01714,1724,254,curve_18
item_01715,1725,255,curve_19
item_01716,1726,256,curve_20
item_01717,1727,257,curve_21
item_01718,1728,258,curve_22
item_01719,1729,259,curve_23
item_01720,1730,260,curve_24
item_01721,1731,261,curve_25
item_01722,1732,262,curve_26
item_01723,1733,263,curve_27
item_01724,1734,264,curve_28
item_01725,1735,265,curve_29
item_01726,1736,266,curve_30
item_01727,1737,267,curve_31
item_01728,1738,268,curve_00
item_01729,1739,269,curve_01
item_01730,1740,270,curve_02
item_01731,1741,271,curve_03
item_01732,1742,272,curve_04
item_01733,1743,273,curve_05
item_01734,1744,274,curve_06
item_01735,1745,275,curve_07
item_01736,1746,276,curve_08
item_01737,1747,277,curve_09
item_01738,1748,278,curve_10
item_01739,1749,279,curve_11
item_01740,1750,280,curve_12
item_01741,1751,281,curve_13
item_01742,1752,282,curve_14
item_01743,1753,283,curve_15
item_01744,1754,284,curve_16
item_01745,1755,285,curve_17
item_01746,1756,286,curve_18
item_01747,1757,287,curve_19
item_01748,1758,288,curve_20
item_01749,1759,289,curve_21
item_01750,1760,290,curve_22
item_01751,1761,291,curve_23
item_01752,1762,292,curve_24
item_01753,1763,293,curve_25
item_01754,1764,294,curve_26
item_01755,1765,295,curve_27
item_01756,1766,296,curve_28
item_01757,1767,297,curve_29
item_01758,1768,298,curve_30
item_01759,1769,299,curve_31
item_01760,1770,300,curve_00
item_01761,1771,301,curve_01
item_01762,1772,302,curve_02
item_01763,1773,303,curve_03
item_01764,1774,304,curve_04
item_01765,1775,305,curve_05
item_01766,1776,306,curve_06
item_01767,1777,307,curve_07
item_01768,1778,308,curve_08
item_01769,1779,309,curve_09
item_01770,1780,310,curve_10
item_01771,1781,311,curve_11
item_01772,1782,312,curve_12
item_01773,1783,313,curve_13
item_01774,1784,314,curve_14
item_01775,1785,315,curve_15
item_01776,1786,316,curve_16
item_01777,1787,317,curve_17
item_01778,1788,318,curve_18
item_01779,1789,319,curve_19
item_01780,1790,320,curve_20
item_01781,1791,321,curve_21
item_01782,1792,322,curve_22
item_01783,1793,323,curve_23
item_01784,1794,324,curve_24
item_01785,1795,325,curve_25
item_01786,1796,326,curve_26
item_01787,1797,327,curve_27
item_01788,1798,328,curve_28
item_01789,1799,329,curve_29
item_01790,1800,330,curve_30
item_01791,1801,331,curve_31
item_01792,1802,332,curve_00
item_01793,1803,333,curve_01
item_01794,1804,334,curve_02
item_01795,1805,335,curve_03
item_01796,1806,336,curve_04
item_01797,1807,337,curve_05
item_01798,1808,338,curve_06
item_01799,1809,339,curve_07
item_01800,1810,340,curve_08
item_01801,1811,341,curve_09
item_01802,1812,342,curve_10
item_01803,1813,343,curve_11
item_01804,1814,344,curve_12
item_01805,1815,345,curve_13
item_01806,1816,346,curve_14
item_01807,1817,347,curve_15
item_01808,1818,348,curve_16
item_01809,1819,349,curve_17
item_01810,1820,350,curve_18
item_01811,1821,351,curve_19
item_01812,1822,352,curve_20
item_01813,1823,353,curve_21
item_01814,1824,354,curve_22
item_01815,1825,355,curve_23
item_01816,1826,356,curve_24
item_01817,1827,357,curve_25
item_01818,1828,358,curve_26
item_01819,1829,359,curve_27
item_01820,1830,360,curve_28
item_01821,1831,361,curve_29
item_01822,1832,362,curve_30
item_01823,1833,363,curve_31
item_01824,1834,364,curve_00
item_01825,1835,365,curve_01
item_01826,1836,366,curve_02
item_01827,1837,367,curve_03
item_01828,1838,368,curve_04
item_01829,1839,369,curve_05
item_01830,1840,370,curve_06
item_01831,1841,371,curve_07
item_01832,1842,372,curve_08
item_01833,1843,373,curve_09
item_01834,1844,374,curve_10
item_01835,1845,375,curve_11
item_01836,1846,376,curve_12
item_01837,1847,377,curve_13
item_01838,1848,378,curve_14
item_01839,1849,379,curve_15
item_01840,1850,380,curve_16
item_01841,1851,381,curve_17
item_01842,1852,382,curve_18
item_01843,1853,383,curve_19
item_01844,1854,384,curve_20
item_01845,1855,385,curve_21
item_01846,1856,386,curve_22
item_01847,1857,387,curve_23
item_01848,1858,388,curve_24
item_01849,1859,389,curve_25
item_01850,1860,390,curve_26
item_01851,1861,391,curve_27
item_01852,1862,392,curve_28
item_01853,1863,393,curve_29
item_01854,1864,394,curve_30
item_01855,1865,395,curve_31
item_01856,1866,396,curve_00
item_01857,1867,397,curve_01
item_01858,1868,398,curve_02
item_01859,1869,399,curve_03
item_01860,1870,400,curve_04
item_01861,1871,401,curve_05
item_01862,1872,402,curve_06
item_01863,1873,403,curve_07
item_01864,1874,404,curve_08
item_01865,1875,405,curve_09
item_01866,1876,406,curve_10
item_01867,1877,407,curve_11
item_01868,1878,408,curve_12
item_01869,1879,409,curve_13
item_01870,1880,410,curve_14
item_01871,1881,411,curve_15
item_01872,1882,412,curve_16
item_01873,1883,413,curve_17
item_01874,1884,414,curve_18
item_01875,1885,415,curve_19
item_01876,1886,416,curve_20
item_01877,1887,417,curve_21
item_01878,1888,418,curve_22
item_01879,1889,419,curve_23
item_01880,1890,420,curve_24
item_01881,1891,421,curve_25
item_01882,1892,422,curve_26
item_01883,1893,423,curve_27
item_01884,1894,424,curve_28
item_01885,1895,425,curve_29
item_01886,1896,426,curve_30
item_01887,1897,427,curve_31
item_01888,1898,428,curve_00
item_01889,1899,429,curve_01
item_01890,1900,430,curve_02
item_01891,1901,431,curve_03
item_01892,1902,432,curve_04
item_01893,1903,433,curve_05
item_01894,1904,434,curve_06
item_01895,1905,435,curve_07
item_01896,1906,436,curve_08
item_01897,1907,437,curve_09
item_01898,1908,438,curve_10
item_01899,1909,439,curve_11
item_01900,1910,440,curve_12
item_01901,1911,441,curve_13
item_01902,1912,442,curve_14
item_01903,1913,443,curve_15
item_01904,1914,444,curve_16
item_01905,1915,445,curve_17
item_01906,1916,446,curve_18
item_01907,1917,447,curve_19
item_01908,1918,448,curve_20
item_01909,1919,449,curve_21
item_01910,1920,450,curve_22
item_01911,1921,451,curve_23
item_01912,1922,452,curve_24
item_01913,1923,453,curve_25
item_01914,1924,454,curve_26
item_01915,1925,455,curve_27
item_01916,1926,456,curve_28
item_01917,1927,457,curve_29
item_01918,1928,458,curve_30
item_01919,1929,459,curve_31
item_01920,1930,460,curve_00
item_01921,1931,461,curve_01
item_01922,1932,462,curve_02
item_01923,1933,463,curve_03
item_01924,1934,464,curve_04
item_01925,1935,465,curve_05
item_01926,1936,466,curve_06
item_01927,1937,467,curve_07
item_01928,1938,468,curve_08
item_01929,1939,469,curve_09
item_01930,1940,470,curve_10
item_01931,1941,471,curve_11
item_01932,1942,472,curve_12
item_01933,1943,473,curve_13
item_01934,1944,474,curve_14
item_01935,1945,475,curve_15
item_01936,1946,476,curve_16
item_01937,1947,477,curve_17
item_01938,1948,478,curve_18
item_01939,1949,479,curve_19
item_01940,1950,480,curve_20
item_01941,1951,481,curve_21
item_01942,1952,482,curve_22
item_01943,1953,483,curve_23
item_01944,1954,484,curve_24
item_01945,1955,485,curve_25
item_01946,1956,486,curve_26
item_01947,1957,487,curve_27
item_01948,1958,488,curve_28
item_01949,1959,489,curve_29
item_01950,1960,490,curve_30
item_01951,1961,491,curve_31
item_01952,1962,492,curve_00
item_01953,1963,493,curve_01
item_01954,1964,494,curve_02
item_01955,1965,495,curve_03
item_01956,1966,496,curve_04
item_01957,1967,497,curve_05
item_01958,1968,498,curve_06
item_01959,1969,499,curve_07
item_01960,1970,500,curve_08
item_01961,1971,501,curve_09
item_01962,1972,502,curve_10
item_01963,1973,503,curve_11
item_01964,1974,504,curve_12
item_01965,1975,505,curve_13
item_01966,1976,506,curve_14
item_01967,1977,507,curve_15
item_01968,1978,508,curve_16
item_01969,1979,509,curve_17
item_01970,1980,510,curve_18
item_01971,1981,511,curve_19
item_01972,1982,512,curve_20
item_01973,1983,513,curve_21
item_01974,1984,514,curve_22
item_01975,1985,515,curve_23
item_01976,1986,516,curve_24
item_01977,1987,517,curve_25
item_01978,1988,518,curve_26
item_01979,1989,519,curve_27
item_01980,1990,520,curve_28
item_01981,1991,521,curve_29
item_01982,1992,522,curve_30
item_01983,1993,523,curve_31
item_01984,1994,524,curve_00
item_01985,1995,525,curve_01
item_01986,1996,526,curve_02
item_01987,1997,527,curve_03
item_01988,1998,528,curve_04
item_01989,1999,529,curve_05
item_01990,2000,530,curve_06
item_01991,2001,531,curve_07
item_01992,2002,532,curve_08
item_01993,2003,533,curve_09
item_01994,2004,534,curve_10
item_01995,2005,535,curve_11
item_01996,2006,536,curve_12
item_01997,2007,537,curve_13
item_01998,2008,538,curve_14
item_01999,2009,539,curve_15
item_02000,10,40,curve_16
item_02001,11,41,curve_17
item_02002,12,42,curve_18
item_02003,13,43,curve_19
item_02004,14,44,curve_20
item_02005,15,45,curve_21
item_02006,16,46,curve_22
item_02007,17,47,curve_23
item_02008,18,48,curve_24
item_02009,19,49,curve_25
item_02010,20,50,curve_26
item_02011,21,51,curve_27
item_02012,22,52,curve_28
item_02013,23,53,curve_29
item_02014,24,54,curve_30
item_02015,25,55,curve_31
item_02016,26,56,curve_00
item_02017,27,57,curve_01
item_02018,28,58,curve_02
item_02019,29,59,curve_03
item_02020,30,60,curve_04
item_02021,31,61,curve_05
item_02022,32,62,curve_06
item_02023,33,63,curve_07
item_02024,34,64,curve_08
item_02025,35,65,curve_09
item_02026,36,66,curve_10
item_02027,37,67,curve_11
item_02028,38,68,curve_12
item_02029,39,69,curve_13
item_02030,40,70,curve_14
item_02031,41,71,curve_15
item_02032,42,72,curve_16
item_02033,43,73,curve_17
item_02034,44,74,curve_18
item_02035,45,75,curve_19
item_02036,46,76,curve_20
item_02037,47,77,curve_21
item_02038,48,78,curve_22
item_02039,49,79,curve_23
item_02040,50,80,curve_24
item_02041,51,81,curve_25
item_02042,52,82,curve_26
item_02043,53,83,curve_27
item_02044,54,84,curve_28
item_02045,55,85,curve_29
item_02046,56,86,curve_30
item_02047,57,87,curve_31
item_02048,58,88,curve_00
item_02049,59,89,curve_01
item_02050,60,90,curve_02
item_02051,61,91,curve_03
item_02052,62,92,curve_04
item_02053,63,93,curve_05
item_02054,64,94,curve_06
item_02055,65,95,curve_07
item_02056,66,96,curve_08
item_02057,67,97,curve_09
item_02058,68,98,curve_10
item_02059,69,99,curve_11
item_02060,70,100,curve_12
item_02061,71,101,curve_13
item_02062,72,102,curve_14
item_02063,73,103,curve_15
item_02064,74,104,curve_16
item_02065,75,105,curve_17
item_02066,76,106,curve_18
item_02067,77,107,curve_19
item_02068,78,108,curve_20
item_02069,79,109,curve_21
item_02070,80,110,curve_22
item_02071,81,111,curve_23
item_02072,82,112,curve_24
item_02073,83,113,curve_25
item_02074,84,114,curve_26
item_02075,85,115,curve_27
item_02076,86,116,curve_28
item_02077,87,117,curve_29
item_02078,88,118,curve_30
item_02079,89,119,curve_31
item_02080,90,120,curve_00
item_02081,91,121,curve_01
item_02082,92,122,curve_02
item_02083,93,123,curve_03
item_02084,94,124,curve_04
item_02085,95,125,curve_05
item_02086,96,126,curve_06
item_02087,97,127,curve_07
item_02088,98,128,curve_08
item_02089,99,129,curve_09
item_02090,100,130,curve_10
item_02091,101,131,curve_11
item_02092,102,132,curve_12
item_02093,103,133,curve_13
item_02094,104,134,curve_14
item_02095,105,135,curve_15
item_02096,106,136,curve_16
item_02097,107,137,curve_17
item_02098,108,138,curve_18
item_02099,109,139,curve_19
item_02100,110,140,curve_20
item_02101,111,141,curve_21
item_02102,112,142,curve_22
item_02103,113,143,curve_23
item_02104,114,144,curve_24
item_02105,115,145,curve_25
item_02106,116,146,curve_26
item_02107,117,147,curve_27
item_02108,118,148,curve_28
item_02109,119,149,curve_29
item_02110,120,150,curve_30
item_02111,121,151,curve_31
item_02112,122,152,curve_00
item_02113,123,153,curve_01
item_02114,124,154,curve_02
item_02115,125,155,curve_03
item_02116,126,156,curve_04
item_02117,127,157,curve_05
item_02118,128,158,curve_06
item_02119,129,159,curve_07
item_02120,130,160,curve_08
item_02121,131,161,curve_09
item_02122,132,162,curve_10
item_02123,133,163,curve_11
item_02124,134,164,curve_12
item_02125,135,165,curve_13
item_02126,136,166,curve_14
item_02127,137,167,curve_15
item_02128,138,168,curve_16
item_02129,139,169,curve_17
item_02130,140,170,curve_18
item_02131,141,171,curve_19
item_02132,142,172,curve_20
item_02133,143,173,curve_21
item_02134,144,174,curve_22
item_02135,145,175,curve_23
item_02136,146,176,curve_24
item_02137,147,177,curve_25
item_02138,148,178,curve_26
item_02139,149,179,curve_27
item_02140,150,180,curve_28
item_02141,151,181,curve_29
item_02142,152,182,curve_30
item_02143,153,183,curve_31
item_02144,154,184,curve_00
item_02145,155,185,curve_01
item_02146,156,186,curve_02
item_02147,157,187,curve_03
item_02148,158,188,curve_04
item_02149,159,189,curve_05
item_02150,160,190,curve_06
item_02151,161,191,curve_07
item_02152,162,192,curve_08
item_02153,163,193,curve_09
item_02154,164,194,curve_10
item_02155,165,195,curve_11
item_02156,166,196,curve_12
item_02157,167,197,curve_13
item_02158,168,198,curve_14
item_02159,169,199,curve_15
item_02160,170,200,curve_16
item_02161,171,201,curve_17
item_02162,172,202,curve_18
item_02163,173,203,curve_19
item_02164,174,204,curve_20
item_02165,175,205,curve_21
item_02166,176,206,curve_22
item_02167,177,207,curve_23
item_02168,178,208,curve_24
item_02169,179,209,curve_25
item_02170,180,210,curve_26
item_02171,181,211,curve_27
item_02172,182,212,curve_28
item_02173,183,213,curve_29
item_02174,184,214,curve_30
item_02175,185,215,curve_31
item_02176,186,216,curve_00
item_02177,187,217,curve_01
item_02178,188,218,curve_02
item_02179,189,219,curve_03
item_02180,190,220,curve_04
item_02181,191,221,curve_05
item_02182,192,222,curve_06
item_02183,193,223,curve_07
item_02184,194,224,curve_08
item_02185,195,225,curve_09
item_02186,196,226,curve_10
item_02187,197,227,curve_11
item_02188,198,228,curve_12
item_02189,199,229,curve_13
item_02190,200,230,curve_14
item_02191,201,231,curve_15
item_02192,202,232,curve_16
item_02193,203,233,curve_17
item_02194,204,234,curve_18
item_02195,205,235,curve_19
item_02196,206,236,curve_20
item_02197,207,237,curve_21
item_02198,208,238,curve_22
item_02199,209,239,curve_23
item_02200,210,240,curve_24
item_02201,211,241,curve_25
item_02202,212,242,curve_26
item_02203,213,243,curve_27
item_02204,214,244,curve_28
item_02205,215,245,curve_29
item_02206,216,246,curve_30
item_02207,217,247,curve_31
item_02208,218,248,curve_00
item_02209,219,249,curve_01
item_02210,220,250,curve_02
item_02211,221,251,curve_03
item_02212,222,252,curve_04
item_02213,223,253,curve_05
item_02214,224,254,curve_06
item_02215,225,255,curve_07
item_02216,226,256,curve_08
item_02217,227,257,curve_09
item_02218,228,258,curve_10
item_02219,229,259,curve_11
item_02220,230,260,curve_12
item_02221,231,261,curve_13
item_02222,232,262,curve_14
item_02223,233,263,curve_15
item_02224,234,264,curve_16
item_02225,235,265,curve_17
item_02226,236,266,curve_18
item_02227,237,267,curve_19
item_02228,238,268,curve_20
item_02229,239,269,curve_21
item_02230,240,270,curve_22
item_02231,241,271,curve_23
item_02232,242,272,curve_24
item_02233,243,273,curve_25
item_02234,244,274,curve_26
item_02235,245,275,curve_27
item_02236,246,276,curve_28
item_02237,247,277,curve_29
item_02238,248,278,curve_30
item_02239,249,279,curve_31
item_02240,250,280,curve_00
item_02241,251,281,curve_01
item_02242,252,282,curve_02
item_02243,253,283,curve_03
item_02244,254,284,curve_04
item_02245,255,285,curve_05
item_02246,256,286,curve_06
item_02247,257,287,curve_07
item_02248,258,288,curve_08
item_02249,259,289,curve_09
item_02250,260,290,curve_10
item_02251,261,291,curve_11
item_02252,262,292,curve_12
item_02253,263,293,curve_13
item_02254,264,294,curve_14
item_02255,265,295,curve_15
item_02256,266,296,curve_16
item_02257,267,297,curve_17
item_02258,268,298,curve_18
item_02259,269,299,curve_19
item_02260,270,300,curve_20
item_02261,271,301,curve_21
item_02262,272,302,curve_22
item_02263,273,303,curve_23
item_02264,274,304,curve_24
item_02265,275,305,curve_25
item_02266,276,306,curve_26
item_02267,277,307,curve_27
item_02268,278,308,curve_28
item_02269,279,309,curve_29
item_02270,280,310,curve_30
item_02271,281,311,curve_31
item_02272,282,312,curve_00
item_02273,283,313,curve_01
item_02274,284,314,curve_02
item_02275,285,315,curve_03
item_02276,286,316,curve_04
item_02277,287,317,curve_05
item_02278,288,318,curve_06
item_02279,289,319,curve_07
item_02280,290,320,curve_08
item_02281,291,321,curve_09
item_02282,292,322,curve_10
item_02283,293,323,curve_11
item_02284,294,324,curve_12
item_02285,295,325,curve_13
item_02286,296,326,curve_14
item_02287,297,327,curve_15
item_02288,298,328,curve_16
item_02289,299,329,curve_17
item_02290,300,330,curve_18
item_02291,301,331,curve_19
item_02292,302,332,curve_20
item_02293,303,333,curve_21
item_02294,304,334,curve_22
item_02295,305,335,curve_23
item_02296,306,336,curve_24
item_02297,307,337,curve_25
item_02298,308,338,curve_26
item_02299,309,339,curve_27
item_02300,310,340,curve_28
item_02301,311,341,curve_29
item_02302,312,342,curve_30
item_02303,313,343,curve_31
item_02304,314,344,curve_00
item_02305,315,345,curve_01
item_02306,316,346,curve_02
item_02307,317,347,curve_03
item_02308,318,348,curve_04
item_02309,319,349,curve_05
item_02310,320,350,curve_06
item_02311,321,351,curve_07
item_02312,322,352,curve_08
item_02313,323,353,curve_09
item_02314,324,354,curve_10
item_02315,325,355,curve_11
item_02316,326,356,curve_12
item_02317,327,357,curve_13
item_02318,328,358,curve_14
item_02319,329,359,curve_15
item_02320,330,360,curve_16
item_02321,331,361,curve_17
item_02322,332,362,curve_18
item_02323,333,363,curve_19
item_02324,334,364,curve_20
item_02325,335,365,curve_21
item_02326,336,366,curve_22
item_02327,337,367,curve_23
item_02328,338,368,curve_24
item_02329,339,369,curve_25
item_02330,340,370,curve_26
item_02331,341,371,curve_27
item_02332,342,372,curve_28
item_02333,343,373,curve_29
item_02334,344,374,curve_30
item_02335,345,375,curve_31
item_02336,346,376,curve_00
item_02337,347,377,curve_01
item_02338,348,378,curve_02
item_02339,349,379,curve_03
item_02340,350,380,curve_04
item_02341,351,381,curve_05
item_02342,352,382,curve_06
item_02343,353,383,curve_07
item_02344,354,384,curve_08
item_02345,355,385,curve_09
item_02346,356,386,curve_10
item_02347,357,387,curve_11
item_02348,358,388,curve_12
item_02349,359,389,curve_13
item_02350,360,390,curve_14
item_02351,361,391,curve_15
item_02352,362,392,curve_16
item_02353,363,393,curve_17
item_02354,364,394,curve_18
item_02355,365,395,curve_19
item_02356,366,396,curve_20
item_02357,367,397,curve_21
item_02358,368,398,curve_22
item_02359,369,399,curve_23
item_02360,370,400,curve_24
item_02361,371,401,curve_25
item_02362,372,402,curve_26
item_02363,373,403,curve_27
item_02364,374,404,curve_28
item_02365,375,405,curve_29
item_02366,376,406,curve_30
item_02367,377,407,curve_31
item_02368,378,408,curve_00
item_02369,379,409,curve_01
item_02370,380,410,curve_02
item_02371,381,411,curve_03
item_02372,382,412,curve_04
item_02373,383,413,curve_05
item_02374,384,414,curve_06
item_02375,385,415,curve_07
item_02376,386,416,curve_08
item_02377,387,417,curve_09
item_02378,388,418,curve_10
item_02379,389,419,curve_11
item_02380,390,420,curve_12
item_02381,391,421,curve_13
item_02382,392,422,curve_14
item_02383,393,423,curve_15
item_02384,394,424,curve_16
item_02385,395,425,curve_17
item_02386,396,426,curve_18
item_02387,397,427,curve_19
item_02388,398,428,curve_20
item_02389,399,429,curve_21
item_02390,400,430,curve_22
item_02391,401,431,curve_23
item_02392,402,432,curve_24
item_02393,403,433,curve_25
item_02394,404,434,curve_26
item_02395,405,435,curve_27
item_02396,406,436,curve_28
item_02397,407,437,curve_29
item_02398,408,438,curve_30
item_02399,409,439,curve_31
item_02400,410,440,curve_00
item_02401,411,441,curve_01
item_02402,412,442,curve_02
item_02403,413,443,curve_03
item_02404,414,444,curve_04
item_02405,415,445,curve_05
item_02406,416,446,curve_06
item_02407,417,447,curve_07
item_02408,418,448,curve_08
item_02409,419,449,curve_09
item_02410,420,450,curve_10
item_02411,421,451,curve_11
item_02412,422,452,curve_12
item_02413,423,453,curve_13
item_02414,424,454,curve_14
item_02415,425,455,curve_15
item_02416,426,456,curve_16
item_02417,427,457,curve_17
item_02418,428,458,curve_18
item_02419,429,459,curve_19
item_02420,430,460,curve_20
item_02421,431,461,curve_21
item_02422,432,462,curve_22
item_02423,433,463,curve_23
item_02424,434,464,curve_24
item_02425,435,465,curve_25
item_02426,436,466,curve_26
item_02427,437,467,curve_27
item_02428,438,468,curve_28
item_02429,439,469,curve_29
item_02430,440,470,curve_30
item_02431,441,471,curve_31
item_02432,442,472,curve_00
item_02433,443,473,curve_01
item_02434,444,474,curve_02
item_02435,445,475,curve_03
item_02436,446,476,curve_04
item_02437,447,477,curve_05
item_02438,448,478,curve_06
item_02439,449,479,curve_07
item_02440,450,480,curve_08
item_02441,451,481,curve_09
item_02442,452,482,curve_10
item_02443,453,483,curve_11
item_02444,454,484,curve_12
item_02445,455,485,curve_13
item_02446,456,486,curve_14
item_02447,457,487,curve_15
item_02448,458,488,curve_16
item_02449,459,489,curve_17
item_02450,460,490,curve_18
item_02451,461,491,curve_19
item_02452,462,492,curve_20
item_02453,463,493,curve_21
item_02454,464,494,curve_22
item_02455,465,495,curve_23
item_02456,466,496,curve_24
item_02457,467,497,curve_25
item_02458,468,498,curve_26
item_02459,469,499,curve_27
item_02460,470,500,curve_28
item_02461,471,501,curve_29
item_02462,472,502,curve_30
item_02463,473,503,curve_31
item_02464,474,504,curve_00
item_02465,475,505,curve_01
item_02466,476,506,curve_02
item_02467,477,507,curve_03
item_02468,478,508,curve_04
item_02469,479,509,curve_05
item_02470,480,510,curve_06
item_02471,481,511,curve_07
item_02472,482,512,curve_08
item_02473,483,513,curve_09
item_02474,484,514,curve_10
item_02475,485,515,curve_11
item_02476,486,516,curve_12
item_02477,487,517,curve_13
item_02478,488,518,curve_14
item_02479,489,519,curve_15
item_02480,490,520,curve_16
item_02481,491,521,curve_17
item_02482,492,522,curve_18
item_02483,493,523,curve_19
item_02484,494,524,curve_20
item_02485,495,525,curve_21
item_02486,496,526,curve_22
item_02487,497,527,curve_23
item_02488,498,528,curve_24
item_02489,499,529,curve_25
item_02490,500,530,curve_26
item_02491,501,531,curve_27
item_02492,502,532,curve_28
item_02493,503,533,curve_29
item_02494,504,534,curve_30
item_02495,505,535,curve_31
item_02496,506,536,curve_00
item_02497,507,537,curve_01
item_02498,508,538,curve_02
item_02499,509,539,curve_03
